id,title,description,category
1,Frontend Developer,"Develop UI using HTML, CSS, JavaScript and React.",Web Development
2,Data Analyst,"Analyze data using SQL, Excel and create dashboards.",Data Analysis
3,Backend Developer,Build server-side logic with Node.js and manage APIs.,Web Development
4,Machine Learning Engineer,Design ML models using Python and scikit-learn.,Machine Learning
5,Full Stack Developer,Work on both frontend and backend using MERN stack.,Web Development
6,Data Scientist,Use Python and machine learning to analyze data.,Machine Learning
7,Cloud Engineer,Manage cloud infrastructure with AWS and Terraform.,Cloud Computing
8,UX Designer,Create user interfaces using Figma and Adobe XD.,UI/UX Design
9,DevOps Engineer,Implement CI/CD pipelines using Jenkins and Docker.,DevOps
10,Cybersecurity Specialist,Secure systems and conduct vulnerability assessments.,Cybersecurity
11,Mobile Developer,Build iOS/Android apps using Swift and Kotlin.,Mobile Development
12,Database Administrator,Optimize SQL databases and ensure data integrity.,Data Management
13,QA Engineer,Develop test plans and automate testing with Selenium.,Quality Assurance
14,Product Manager,Lead product development teams and roadmap planning.,Product Management
15,AI Research Scientist,Develop advanced neural networks using TensorFlow.,Artificial Intelligence
16,Technical Writer,Create documentation for APIs and developer tools.,Documentation
17,Systems Architect,Design enterprise-scale system infrastructure.,Systems Engineering
18,Blockchain Developer,Build smart contracts using Solidity and Ethereum.,Blockchain
19,Game Developer,Create 3D games with Unity and C#.,Game Development
20,SEO Specialist,Optimize websites for search engines using analytics.,Digital Marketing
21,Network Engineer,Configure routers and switches for enterprise networks.,Networking
22,BI Analyst,Develop business intelligence reports with Power BI.,Business Intelligence
23,VR Developer,Create virtual reality experiences using Unreal Engine.,XR Development
24,Embedded Systems Engineer,Program IoT devices with C++ and Raspberry Pi.,Embedded Systems
25,IT Support Specialist,Troubleshoot hardware and software issues.,IT Support
26,Scrum Master,Facilitate Agile development processes and sprints.,Project Management
27,Data Engineer,Build ETL pipelines using Apache Spark and Airflow.,Data Engineering
28,Chief Technology Officer,Define company-wide technical strategy.,Executive
29,Sales Engineer,Provide technical expertise during sales processes.,Technical Sales
30,Ethical Hacker,Perform penetration testing and security audits.,Cybersecurity
31,CRM Administrator,Manage Salesforce workflows and automation.,Business Operations
32,Content Strategist,Plan and optimize digital content campaigns.,Content Marketing
33,Computer Vision Engineer,Develop image recognition systems with OpenCV.,Machine Learning
34,AR Developer,Create augmented reality apps using ARKit.,XR Development
35,Python Developer,Build applications using Django and Flask.,Web Development
36,IT Auditor,Assess compliance with security standards.,Cybersecurity
37,Community Manager,Engage users on social media and forums.,Community Management
38,Linux Administrator,Manage servers running CentOS and Ubuntu.,Systems Administration
39,ERP Consultant,Implement SAP systems for enterprise clients.,Business Systems
40,NLP Engineer,Work on language processing with spaCy and NLTK.,Artificial Intelligence
41,Frontend Architect,Design scalable CSS architecture and component systems.,Web Development
42,Cloud Security Engineer,Secure AWS environments with IAM policies.,Cloud Computing
43,Data Visualization Specialist,Create dashboards using Tableau and D3.js.,Data Analysis
44,Kubernetes Administrator,Manage container orchestration at scale.,DevOps
45,UI Developer,Implement design systems with Storybook.,UI/UX Design
46,Market Researcher,Analyze consumer trends using statistical methods.,Market Research
47,Android Developer,Build mobile apps with Jetpack Compose.,Mobile Development
48,Technical Recruiter,Source and hire software engineering talent.,HR & Recruitment
49,FinTech Developer,Develop payment systems using blockchain.,Blockchain
50,IT Director,Oversee technology operations and budgets.,Executive
51,React Native Developer,Create cross-platform apps with React Native.,Mobile Development
52,SEO Analyst,Perform keyword research and rank tracking.,Digital Marketing
53,Game Designer,Design gameplay mechanics and level layouts.,Game Development
54,Data Privacy Officer,Ensure GDPR compliance and data protection.,Legal & Compliance
55,Microservices Developer,Build distributed systems with gRPC.,Web Development
56,IT Trainer,Teach programming courses and workshops.,Education
57,Storage Engineer,Manage SAN/NAS systems and data backups.,Systems Engineering
58,Quantum Computing Researcher,Develop quantum algorithms.,Emerging Technologies
59,WordPress Developer,Customize themes and plugins for CMS.,Web Development
60,Social Media Analyst,Measure campaign performance on platforms.,Digital Marketing
61,Robotics Engineer,Program industrial robots using ROS.,Robotics
62,Help Desk Technician,Provide first-line technical support.,IT Support
63,Financial Analyst,Model financial data using Excel and Python.,Finance
64,3D Artist,Create models and animations using Blender.,Game Development
65,Site Reliability Engineer,Maintain critical production systems.,DevOps
66,Technical Support Engineer,Resolve customer technical issues.,Customer Support
67,iOS Developer,Build apps using SwiftUI and Core Data.,Mobile Development
68,MarTech Specialist,Implement marketing automation tools.,Digital Marketing
69,Computer Hardware Engineer,Design and test computer components.,Hardware Engineering
70,EDI Specialist,Manage electronic data interchange systems.,Business Systems
71,VoIP Engineer,Configure enterprise phone systems.,Networking
72,Digital Forensics Analyst,Investigate cyber crimes and data breaches.,Cybersecurity
73,Growth Hacker,Optimize user acquisition funnels.,Digital Marketing
74,Release Manager,Coordinate software deployment cycles.,Project Management
75,Technical Artist,Bridge art and programming in game development.,Game Development
76,Mainframe Developer,Work on COBOL applications for legacy systems.,Enterprise Systems
77,IT Procurement Specialist,Manage technology vendor relationships.,Operations
78,Accessibility Engineer,Ensure software meets WCAG standards.,UI/UX Design
79,Clinical Data Manager,Handle healthcare data for research studies.,Healthcare IT
80,Technical Evangelist,Promote developer platforms through advocacy.,Developer Relations
81,AR/VR Product Designer,Create immersive interface designs.,XR Development
82,CRM Developer,Customize Dynamics 365 integrations.,Business Systems
83,IT Compliance Manager,Ensure adherence to SOX and HIPAA.,Legal & Compliance
84,Cloud Database Engineer,Manage NoSQL databases in Azure.,Cloud Computing
85,Computer Network Architect,Design enterprise network topologies.,Networking
86,Lead Generation Specialist,Optimize B2B prospecting campaigns.,Digital Marketing
87,FPGA Engineer,Program field-programmable gate arrays.,Hardware Engineering
88,Conversational AI Designer,Develop chatbot dialog flows.,Artificial Intelligence
89,Edge Computing Engineer,Optimize IoT data processing at source.,Emerging Technologies
90,Technical Project Manager,Oversee software implementation projects.,Project Management
91,Genomics Data Scientist,Analyze DNA sequencing data.,Bioinformatics
92,5G Network Engineer,Work on next-gen wireless infrastructure.,Telecommunications
93,E-commerce Developer,Build Shopify and Magento stores.,Web Development
94,IT Risk Manager,Assess and mitigate technology risks.,Cybersecurity
95,Digital Twin Engineer,Create virtual replicas of physical systems.,Emerging Technologies
96,Technical Solutions Engineer,Solve complex customer integrations.,Customer Support
97,Open Source Contributor,Maintain public repositories on GitHub.,Developer Tools
98,Smart Contract Auditor,Review blockchain code for vulnerabilities.,Blockchain
99,Clinical Informaticist,Implement EHR systems for hospitals.,Healthcare IT
100,Quantum Machine Learning Scientist,Combine QCs with ML models.,Emerging Technologies
101,Green Tech Software Engineer,"Build energy-efficient apps for sustainability tracking using Python and IoT.",Green Technology  
102,EdTech Developer,"Create e-learning platforms with Moodle and interactive LMS systems.",EdTech  
103,Ethical AI Auditor,"Audit AI models for bias and fairness using Explainable AI frameworks.",AI Ethics  
104,AgriTech Specialist,"Develop farm management software with satellite data and GIS tools.",AgriTech  
105,Digital Twin Developer,"Model physical systems in virtual environments using Unity and IoT data.",Emerging Tech  
106,Clinical Informatics Manager,"Optimize healthcare workflows with EHR systems like Epic.",Healthcare IT  
107,Marine Robotics Engineer,"Design autonomous underwater vehicles (AUVs) for ocean research.",Robotics  
108,Metaverse Designer,"Create 3D virtual worlds and NFT-based assets for decentralized platforms.",Web3  
109,Quantum Software Developer,"Write algorithms for quantum computers using Q# and Cirq.",Quantum Computing  
110,Drone Software Engineer,"Program UAVs for mapping and delivery with Python and ROS.",Drones  
111,Digital Health Developer,"Build HIPAA-compliant apps for telemedicine using React Native.",HealthTech  
112,Cybersecurity Threat Hunter,"Proactively identify APTs using SIEM tools like Splunk.",Cybersecurity  
113,Low-Code Developer,"Design enterprise apps with OutSystems and Mendix platforms.",Low-Code Development  
114,Space Systems Engineer,"Simulate satellite operations with MATLAB and STK.",Aerospace Tech  
115,Music Tech Engineer,"Develop audio processing tools with Max/MSP and DAW integrations.",Music Technology  
116,Regulatory Compliance Analyst,"Ensure software meets FDA/ISO standards for medical devices.",Compliance  
117,Conversational UX Designer,"Design voice interfaces for Alexa and Google Assistant.",Voice Technology  
118,FinTech Risk Analyst,"Model financial risks using Monte Carlo simulations in Python.",FinTech  
119,AR Content Creator,"Build interactive AR campaigns with Spark AR and Lens Studio.",Augmented Reality  
120,Climate Data Scientist,"Analyze climate models and carbon footprint datasets.",Climate Tech  
121,Robotic Process Automation (RPA) Developer,"Automate workflows with UiPath and Automation Anywhere.",RPA  
122,Game Narrative Designer,"Write branching storylines and dialogue trees for RPGs.",Game Design  
123,Digital Curator,"Manage blockchain-based digital art collections and NFT metadata.",Web3  
124,5G Protocol Engineer,"Optimize 5G network stacks using C++ and network simulators.",Telecom  
125,Accessibility Tester,"Audit apps for WCAG compliance using screen readers and Axe.",UI/UX  
126,FoodTech Engineer,"Develop lab-grown meat bioreactors and food supply chain software.",Food Technology  
127,ESG Data Analyst,"Track sustainability metrics and generate ESG reports for enterprises.",Sustainability  
128,Genomic Data Engineer,"Process DNA sequencing data with BioPython and AWS Batch.",Bioinformatics  
129,Chatbot Trainer,"Fine-tune NLP models for customer service chatbots using Rasa.",AI Development  
130,Smart City Planner,"Design IoT networks for traffic and waste management in urban areas.",Smart Cities  
131,DevRel Engineer,"Create tutorials and SDKs for developer communities.",Developer Relations  
132,Digital Fashion Designer,"Create 3D garment models for virtual try-ons using CLO3D.",Fashion Tech  
133,Industrial IoT Engineer,"Monitor machinery with sensors and predictive maintenance algorithms.",IIoT  
134,Crypto Economist,"Design tokenomics models for decentralized finance (DeFi) protocols.",Blockchain  
135,Game QA Tester,"Test multiplayer games for latency and cross-platform bugs.",Game Development  
136,VR Fitness Trainer,"Develop immersive workout experiences for Oculus Quest.",XR Fitness  
137,Legal Tech Developer,"Build contract automation tools with NLP and smart contracts.",Legal Tech  
138,Photonics Engineer,"Simulate fiber-optic systems for high-speed data transfer.",Hardware Engineering  
139,Digital Forensics Investigator,"Recover data from compromised devices using FTK and EnCase.",Cybersecurity  
140,Edge AI Engineer,"Deploy TensorFlow Lite models on edge devices like Raspberry Pi.",Edge Computing  
141,Energy Trading Analyst,"Optimize renewable energy grids with machine learning.",Energy Tech  
142,Crowdsourcing Manager,"Coordinate distributed data labeling for AI training datasets.",AI Operations  
143,Microbiome Data Scientist,"Analyze microbial genomics data for healthcare applications.",Bioinformatics  
144,No-Code Designer,"Build web apps with Webflow and Airtable integrations.",No-Code Development  
145,Digital Archivist,"Preserve cultural heritage using blockchain-based timestamping.",Web3  
146,Autonomous Vehicle Engineer,"Train perception models for self-driving cars with PyTorch.",Autonomous Systems  
147,Space Tourism Planner,"Design booking systems for commercial spaceflight logistics.",Aerospace Tech  
148,Podcast Tech Producer,"Edit and distribute podcasts with AI-driven audio tools.",Media Tech  
149,AI Music Composer,"Generate royalty-free music using AI tools like Amper Music.",Creative AI  
150,Quantum Cryptographer,"Develop post-quantum encryption algorithms for cybersecurity.",Quantum Computing  
151,Digital Twin Analyst,"Simulate factory layouts for Industry 4.0 using Siemens NX.",Industrial Tech  
152,Ethical Data Trader,"Manage data marketplaces with GDPR-compliant anonymization.",Data Privacy  
153,Vertical Farming Engineer,"Automate hydroponic systems with Arduino and Python.",AgriTech  
154,3D Printing Technician,"Optimize additive manufacturing processes for aerospace parts.",Manufacturing Tech  
155,AI-Powered Journalist,"Automate news articles using GPT-3 and data scraping tools.",Media Tech  
156,Wildlife Conservation Technologist,"Track endangered species with AI and satellite imagery.",Conservation Tech  
157,Telemedicine Coordinator,"Integrate video conferencing APIs into healthcare apps.",HealthTech  
158,Smart Home Developer,"Design IoT ecosystems for voice-controlled home automation.",IoT  
159,Digital Therapeutics Designer,"Create apps for mental health therapy with CBT frameworks.",HealthTech  
160,Carbon Accounting Analyst,"Calculate Scope 1-3 emissions using SaaS platforms.",Climate Tech  
161,Esports Strategist,"Analyze player performance data for competitive gaming teams.",Esports  
162,AI Ethics Educator,"Train teams on responsible AI practices and governance frameworks.",AI Ethics  
163,Drone Cinematographer,"Program UAVs for aerial filming with waypoint navigation.",Media Tech  
164,Geospatial Analyst,"Process LiDAR data for urban planning and disaster response.",Geospatial Tech  
165,Neurotechnology Engineer,"Develop BCIs (brain-computer interfaces) for medical research.",Neurotech  
166,Web3 Community Moderator,"Manage decentralized communities on Discord and DAO platforms.",Web3  
167,Digital Legacy Planner,"Build tools for securing and transferring digital assets posthumously.",FinTech  
168,AI Art Curator,"Curate generative art collections for NFT marketplaces.",Creative AI  
169,Remote Sensing Engineer,"Analyze satellite imagery for agriculture and deforestation.",Geospatial Tech  
170,Smart Grid Engineer,"Optimize power distribution networks with real-time analytics.",Energy Tech  
171,Game Localization Specialist,"Adapt games for global markets with cultural customization.",Game Development  
172,Digital Fraud Analyst,"Detect payment fraud using graph databases and anomaly detection.",Cybersecurity  
173,Robot Ethics Researcher,"Study ethical implications of autonomous systems in society.",AI Ethics  
174,Micro-Mobility Developer,"Design apps for e-scooter sharing and battery management.",Transport Tech  
175,Holography Engineer,"Develop 3D holographic displays for retail and events.",XR Tech  
176,AI Tutor Designer,"Build adaptive learning systems with personalized feedback loops.",EdTech  
177,Disaster Recovery Specialist,"Plan IT system backups for ransomware and natural disasters.",Cybersecurity  
178,Digital Odor Engineer,"Experiment with scent-emitting devices for VR immersion.",XR Tech  
179,Space Agriculture Scientist,"Research crop growth algorithms for extraterrestrial habitats.",AgriTech  
180,Decentralized Identity Developer,"Implement SSI (self-sovereign identity) on blockchain.",Web3  
181,AI Voice Cloning Specialist,"Synthesize voiceovers using tools like Resemble AI.",Creative AI  
182,Digital Activism Coordinator,"Build secure communication tools for grassroots movements.",Social Tech  
183,Robotic Chef Programmer,"Automate food preparation with robotic arms and vision systems.",Food Tech  
184,AI-Powered Farmer,"Optimize crop yields with drone-based ML pest detection.",AgriTech  
185,Neurogaming Developer,"Design games controlled by EEG and EMG biosignals.",Neurotech  
186,Digital Immigration Officer,"Process visa applications with NLP document verification.",GovTech  
187,Cryptocurrency Journalist,"Analyze blockchain trends and write for crypto news outlets.",Web3  
188,AI Fashion Stylist,"Recommend outfits using computer vision and user preferences.",Fashion Tech  
189,Smart Mirror Developer,"Create AR-enabled mirrors for virtual try-ons in retail.",Retail Tech  
190,Algorithmic Trading Developer,"Build high-frequency trading bots with Python and APIs.",FinTech  
191,Digital Twin of a Human,"Model virtual avatars for healthcare and AI training.",AI Ethics  
192,Drone Swarm Coordinator,"Program collaborative UAVs for search-and-rescue missions.",Drones  
193,AI Film Director,"Automate video editing and scene transitions with ML tools.",Creative AI  
194,Smart Waste Manager,"Optimize recycling routes with IoT sensors and route algorithms.",Smart Cities  
195,Digital Pharmacist,"Develop apps for medication adherence and telepharmacy.",HealthTech  
196,VR Real Estate Agent,"Create virtual property tours for remote buyers.",Real Estate Tech  
197,AI Wedding Planner,"Automate venue selection and guest management with chatbots.",Event Tech  
198,Space Law Consultant,"Advise on legal frameworks for lunar and asteroid mining.",Aerospace Tech  
199,Digital Dream Analyst,"Explore sleep pattern data with ML for mental health insights.",HealthTech  
200,AI Meme Generator,"Train models to create viral social media content using GANs.",Creative AI  
201,Quantum Machine Learning Engineer,"Combine quantum algorithms with ML models using PennyLane.",Quantum Computing
202,Metaverse UX Designer,"Create 3D interface experiences for virtual worlds.",Web3
203,AI-Powered Recruiter,"Match candidates using NLP and predictive analytics.",HR Tech
204,Synthetic Media Developer,"Create deepfake detection tools with PyTorch.",AI Ethics
205,Digital Twin Security Analyst,"Protect virtual replicas from cyber attacks.",Cybersecurity
206,Robot Process Auditor,"Ensure RPA bots comply with business rules.",RPA
207,Neurotech Product Manager,"Oversee BCI device development pipelines.",Neurotech
208,Smart Contract Lawyer,"Draft legal agreements encoded on blockchain.",Legal Tech
209,Drone Traffic Controller,"Manage UAV airspace with Python APIs.",Drones
210,Digital Ethics Consultant,"Advise organizations on AI morality frameworks.",AI Ethics
211,Space Tourism UX Designer,"Design zero-G user interfaces.",Aerospace Tech
212,AI-Powered Chef,"Develop recipe generation algorithms.",Food Tech
213,Decentralized Finance Architect,"Design DeFi protocols with Solidity.",Blockchain
214,Holographic Event Producer,"Create mixed reality concert experiences.",XR Tech
215,Climate Modeling Developer,"Build carbon emission simulation tools.",Climate Tech
216,Digital Twin Maintenance Tech,"Monitor virtual factory asset health.",Industrial Tech
217,AI-Powered Farmer,"Optimize irrigation with satellite ML models.",AgriTech
218,Crypto Art Curator,"Manage NFT gallery smart contracts.",Web3
219,Quantum Network Engineer,"Develop quantum key distribution systems.",Quantum Computing
220,Smart Dust Developer,"Program microscopic IoT sensors.",Emerging Tech
221,Digital Human Creator,"Build AI avatars with Unreal MetaHumans.",Creative AI
222,Drone Delivery Scheduler,"Optimize UAV logistics with OR-Tools.",Drones
223,Neurogaming Engineer,"Develop EEG-controlled video games.",Neurotech
224,Metaverse Economist,"Design virtual world currency systems.",Web3
225,AI Copyright Analyst,"Resolve ML training data licensing issues.",AI Ethics
226,Space Debris Tracker,"Monitor orbital junk with Python scripts.",Aerospace Tech
227,Digital Twin Urban Planner,"Simulate city expansion scenarios.",Smart Cities
228,Robot Personality Designer,"Create social robot interaction models.",AI Ethics
229,Smart Textile Developer,"Program IoT-enabled fabrics with Arduino.",Fashion Tech
230,AI-Powered Therapist,"Develop mental health chatbot systems.",HealthTech
231,Quantum Chemistry Developer,"Simulate molecules with quantum algorithms.",Quantum Computing
232,Digital Archaeology Specialist,"Reconstruct historical sites via LiDAR.",Geospatial Tech
233,Drone Wildlife Monitor,"Track animal migrations with UAVs.",Conservation Tech
234,AI-Powered Screenwriter,"Generate TV scripts using GPT-4.",Creative AI
235,Smart Highway Engineer,"Develop IoT-enabled road systems.",Transport Tech
236,Digital Twin Astronaut,"Simulate Mars habitat operations.",Aerospace Tech
237,Crypto Tax Analyst,"Automate blockchain transaction reporting.",FinTech
238,AI-Powered Judge,"Develop legal precedent analysis tools.",Legal Tech
239,Robot Dance Choreographer,"Program artistic robot movements.",Creative AI
240,Digital Scent Developer,"Experiment with olfactory VR tech.",XR Tech
241,Quantum AI Ethicist,"Address QC's societal implications.",AI Ethics
242,Smart Glacier Monitor,"Track ice melt with IoT sensors.",Climate Tech
243,AI-Powered Archaeologist,"Analyze dig sites with computer vision.",Geospatial Tech
244,Digital Twin Heart,"Simulate cardiac systems for med training.",HealthTech
245,Robot Comedy Writer,"Program humor algorithms for social bots.",Creative AI
246,Smart Prison Developer,"Implement IoT inmate monitoring systems.",GovTech
247,AI-Powered Astrologer,"Generate horoscopes via ML patterns.",Creative AI
248,Digital Twin Forest,"Model ecosystem changes with Python.",Conservation Tech
249,Quantum Biology Researcher,"Study protein folding with QCs.",Bioinformatics
250,Smart Cemetery Manager,"Implement IoT burial site monitoring.",IoT
251,AI-Powered Politician,"Analyze policy outcomes with simulations.",GovTech
252,Digital Twin Volcano,"Predict eruptions via sensor networks.",Geospatial Tech
253,Robot Poetry Generator,"Create verse using transformer models.",Creative AI
254,Smart Umbrella Developer,"Build weather-predicting IoT devices.",IoT
255,AI-Powered Matchmaker,"Enhance dating apps with deep learning.",Social Tech
256,Digital Twin Ocean,"Model marine ecosystems with AI.",Conservation Tech
257,Quantum Social Scientist,"Study human behavior via QC simulations.",Quantum Computing
258,Smart Tattoo Developer,"Create IoT-enabled epidermal devices.",HealthTech
259,AI-Powered Bartender,"Mix cocktails via robotic arm control.",Food Tech
260,Digital Twin Sportsman,"Optimize athlete performance via avatars.",Sports Tech
261,Robot Philosophy Researcher,"Explore AI consciousness theories.",AI Ethics
262,Smart Plant Developer,"Create IoT-enabled agricultural robots.",AgriTech
263,AI-Powered Muse,"Generate creative ideas via neural nets.",Creative AI
264,Digital Twin Star,"Simulate stellar evolution processes.",Astro Tech
265,Quantum Musical Composer,"Generate scores via quantum algorithms.",Creative AI
266,Smart Trash Can Developer,"Build AI-powered recycling bins.",Smart Cities
267,AI-Powered Detective,"Analyze crime patterns with ML.",GovTech
268,Digital Twin Atom,"Simulate quantum particle behavior.",Quantum Computing
269,Robot Ethics Board Member,"Govern autonomous system policies.",AI Ethics
270,Smart Paper Developer,"Create IoT-enabled digital documents.",Emerging Tech
271,AI-Powered Gardener,"Automate greenhouses with ML.",AgriTech
272,Digital Twin Galaxy,"Model cosmic structure formation.",Astro Tech
273,Quantum Poetry Analyst,"Study verse patterns with QC.",Creative AI
274,Smart Rain Developer,"Implement cloud seeding IoT systems.",Climate Tech
275,AI-Powered Referee,"Automate sports officiating via CV.",Sports Tech
276,Digital Twin History,"Recreate historical events via VR.",EdTech
277,Robot Yoga Instructor,"Program therapeutic bot movements.",HealthTech
278,Smart Snow Developer,"Optimize ski resort conditions.",Tourism Tech
279,AI-Powered Librarian,"Curate knowledge via semantic search.",EdTech
280,Digital Twin Economy,"Simulate macroeconomic scenarios.",FinTech
281,Quantum Art Critic,"Analyze aesthetics via algorithms.",Creative AI
282,Smart Lightning Developer,"Study weather patterns with IoT.",Climate Tech
283,AI-Powered Coach,"Optimize team strategies via analytics.",Sports Tech
284,Digital Twin War,"Simulate conflict scenarios for peace.",GovTech
285,Robot Priest Developer,"Program spiritual interaction systems.",AI Ethics
286,Smart Sand Developer,"Monitor beaches with IoT erosion.",Conservation Tech
287,AI-Powered Shaman,"Create cultural heritage algorithms.",Creative AI
288,Digital Twin Language,"Model linguistic evolution patterns.",EdTech
289,Quantum Standup Comedian,"Generate jokes via QC algorithms.",Creative AI
290,Smart Fog Developer,"Monitor industrial humidity systems.",IoT
291,AI-Powered Diplomat,"Simulate international negotiations.",GovTech
292,Digital Twin Dream,"Analyze sleep patterns via ML.",HealthTech
293,Robot Pet Developer,"Create emotional companion bots.",Social Tech
294,Smart Lava Developer,"Monitor volcanoes with IoT sensors.",Geospatial Tech
295,AI-Powered Prophet,"Predict trends via pattern analysis.",FinTech
296,Digital Twin Extinction,"Model endangered species futures.",Conservation Tech
297,Quantum Fashion Designer,"Generate clothing patterns via QC.",Fashion Tech
298,Smart Dust Storm Developer,"Track microclimate changes.",Climate Tech
299,AI-Powered Ghostwriter,"Automate biography creation.",Creative AI
300,Digital Twin Big Bang,"Simulate universe origins via HPC.",Astro Tech
301, AI-Powered Veterinarian,"Diagnose pet illnesses via image recognition of X-rays.",Animal Tech
302, Smart Pollination Engineer,"Develop drone-based pollination systems for agriculture.",AgriTech
303, Digital Twin Bloodstream,"Simulate circulatory systems for drug testing.",HealthTech
304, Quantum Cryptocurrency Analyst,"Study post-quantum threats to blockchain security.",Quantum Computing
305, Holographic Surgeon,"Guide operations via AR anatomical overlays.",HealthTech
306, AI-Powered Exorcist,"Analyze paranormal claims via sensor data patterns.",Creative AI
307, Smart Coral Developer,"3D print IoT-enabled reef restoration structures.",Conservation Tech
308, Digital Twin Gut,"Model microbiome interactions via ML.",Bioinformatics
309, Robot Marriage Counselor,"Facilitate human-robot relationship ethics.",AI Ethics
310, AI-Powered Exoplanet Hunter,"Analyze telescope data for alien worlds.",Astro Tech
311, Smart Concrete Developer,"Embed sensors in infrastructure for stress monitoring.",Civil Tech
312, Quantum Poetry Writer,"Generate verse using quantum state sampling.",Creative AI
313, Digital Twin Glacier,"Predict sea level rise via climate models.",Climate Tech
314, AI-Powered Standup Comic,"Train models on comedy special datasets.",Creative AI
315, Smart Tooth Developer,"Create IoT-enabled dental health monitors.",HealthTech
316, Robot Wine Sommelier,"Analyze vintages via spectral sensors.",Food Tech
317, Digital Twin Crime Scene,"Reconstruct forensic evidence in VR.",GovTech
318, Quantum Social Media Analyst,"Optimize post timing via QC algorithms.",Web3
319, AI-Powered Feng Shui Master,"Optimize spatial layouts via ML patterns.",Creative AI
320, Smart Graffiti Developer,"Create IoT-enabled urban art installations.",Creative Tech
321, Digital Twin Black Hole,"Simulate relativistic effects via HPC.",Astro Tech
322, AI-Powered Hair Stylist,"Recommend cuts via facial recognition.",Fashion Tech
323, Quantum Yoga Instructor,"Generate poses via quantum randomness.",Wellness Tech
324, Smart Ice Developer,"Monitor polar conditions with IoT buoys.",Climate Tech
325, Robot Archaeologist,"Excavate delicate sites via precision robotics.",Geospatial Tech
326, Digital Twin Supernova,"Model stellar explosions for research.",Astro Tech
327, AI-Powered Beekeeper,"Track hive health via sound analysis.",AgriTech
328, Smart Dust Farmer,"Analyze soil via nanoparticle sensors.",AgriTech
329, Quantum Meme Analyst,"Study virality patterns via QC.",Creative AI
330, Digital Twin Tornado,"Simulate storm formation paths.",Climate Tech
331, AI-Powered Diver,"Monitor marine life via underwater drones.",Conservation Tech
332, Smart Spider Silk Engineer,"Program synthetic biology production lines.",BioTech
333, Digital Twin Plague,"Model pandemic spread via agent-based sims.",HealthTech
334, Quantum Dungeon Master,"Generate RPG scenarios via QC.",Gaming
335, AI-Powered Ghost Hunter,"Analyze paranormal sensor datasets.",Creative AI
336, Smart Lightning Farmer,"Harvest atmospheric energy via IoT.",Energy Tech
337, Digital Twin Silk Road,"Recreate historical trade routes in VR.",EdTech
338, Robot Philosopher,"Debate ethics of artificial consciousness.",AI Ethics
339, Quantum Tarot Reader,"Generate divinations via quantum noise.",Creative AI
340, AI-Powered Palm Reader,"Analyze hand images via CV.",Creative AI
341, Smart Meteorite Hunter,"Track space rock landings via ML.",Astro Tech
342, Digital Twin Tsunami,"Simulate coastal impact scenarios.",Climate Tech
343, AI-Powered Tea Master,"Optimize brewing via sensor feedback.",Food Tech
344, Quantum Tea Leaf Reader,"Interpret patterns via QC algorithms.",Creative AI
345, Smart Lava Lamp Developer,"Create IoT-connected mood lighting.",IoT
346, Digital Twin Renaissance,"Simulate historical innovation periods.",EdTech
347, AI-Powered Time Travel Theorist,"Model paradoxes via ML simulations.",Creative AI
348, Smart Balloon Developer,"Monitor atmosphere via IoT probes.",Climate Tech
349, Quantum Cloud Architect,"Design hybrid QC-AWS infrastructures.",Quantum Computing
350, Digital Twin Myth,"Recreate legends via generative AI.",EdTech
351, AI-Powered Alchemist,"Explore material science via ML.",Creative AI
352, Smart Rune Developer,"Create IoT-enabled ancient symbol systems.",Creative Tech
353, Digital Twin Atlantis,"Model underwater city hypotheses.",Geospatial Tech
354, Quantum Astrologer,"Predict celestial influences via QC.",Creative AI
355, AI-Powered Dream Interpreter,"Analyze sleep study NLP data.",HealthTech
356, Smart Mirage Developer,"Create AR desert navigation tools.",XR Tech
357, Digital Twin Alchemy,"Simulate historical chemistry processes.",EdTech
358, Robot Shaman Developer,"Program ritualistic bot behaviors.",AI Ethics
359, Quantum Alchemist,"Model particle transformations.",Quantum Computing
360, AI-Powered Oracle,"Predict trends via chaotic systems analysis.",FinTech
361, Smart Rainbow Developer,"Analyze light refraction via IoT.",Climate Tech
362, Digital Twin Camelot,"Recreate Arthurian legends in VR.",EdTech
363, AI-Powered Runecaster,"Generate ancient symbol predictions.",Creative AI
364, Quantum Runes Developer,"Encode algorithms in symbolic QC.",Quantum Computing
365, Smart Aurora Developer,"Predict northern lights via ML.",Climate Tech
366, Digital Twin Odyssey,"Simulate Homer's journey via NLP.",EdTech
367, AI-Powered Mythbuster,"Analyze folklore via fact-checking algorithms.",Creative AI
368, Smart Constellation Developer,"Track star patterns via IoT telescopes.",Astro Tech
369, Quantum Mythology Analyst,"Study archetypes via QC.",Creative AI
370, Digital Twin Illiad,"Recreate Trojan War in VR.",EdTech
371, AI-Powered Bard,"Generate epic poems via transformer models.",Creative AI
372, Smart Folklore Developer,"Map cultural stories via GIS.",Geospatial Tech
373, Quantum Epic Writer,"Generate sagas via quantum sampling.",Creative AI
374, Digital Twin Valhalla,"Model Norse mythology realms.",EdTech
375, AI-Powered Seer,"Analyze historical prophecy patterns.",Creative AI
376, Smart Legend Developer,"Track myth evolution via blockchain.",Web3
377, Quantum Fable Analyst,"Study storytelling structures via QC.",Creative AI
378, Digital Twin Olympus,"Simulate Greek god interactions.",EdTech
379, AI-Powered Mythmaker,"Create new pantheons via GANs.",Creative AI
380, Smart Saga Developer,"Preserve oral histories via NLP.",EdTech
381, Quantum Legend Developer,"Encode myths in qubit states.",Quantum Computing
382, Digital Twin Atlantis,"Simulate Plato's city via CFD.",Geospatial Tech
383, AI-Powered Epigrammist,"Generate witty inscriptions.",Creative AI
384, Smart Fable Developer,"Animate Aesop's tales via AR.",EdTech
385, Quantum Parable Analyst,"Interpret wisdom literature via QC.",Creative AI
386, Digital Twin Utopia,"Model perfect society simulations.",GovTech
387, AI-Powered Aesop,"Generate moralistic animal stories.",Creative AI
388, Smart Proverb Developer,"Track linguistic patterns via ML.",EdTech
389, Quantum Allegory Designer,"Encode metaphors in qubits.",Creative AI
390, Digital Twin Dystopia,"Simulate warning scenario futures.",GovTech
391, AI-Powered Fabler,"Create cautionary tech tales.",Creative AI
392, Smart Myth Developer,"Preserve indigenous stories via NFTs.",Web3
393, Quantum Folktale Analyst,"Study cultural DNA via QC.",Creative AI
394, Digital Twin Legend,"Recreate hero journeys via VR.",EdTech
395, AI-Powered Parabolist,"Generate religious analogies.",Creative AI
396, Smart Fairytale Developer,"Adapt stories for AR children's books.",EdTech
397, Quantum Tall Tale Analyst,"Exaggerate narratives via QC.",Creative AI
398, Digital Twin Fable,"Animate talking animal simulations.",EdTech
399, AI-Powered Allegorist,"Encode political satire via ML.",Creative AI
400, Smart Epic Developer,"Visualize Gilgamesh in 3D environments.",EdTech
401, Quantum Mythos Developer,"Model cosmic horror via QC.",Creative AI
402, Digital Twin Parable,"Simulate ethical dilemma scenarios.",EdTech
403, AI-Powered Anecdotist,"Generate biographical micro-stories.",Creative AI
404, Smart Legendarium Developer,"Build Tolkien-esque world databases.",EdTech
405, Quantum Folklore Analyst,"Map cultural motifs via QC.",Creative AI
406, Digital Twin Saga,"Recreate Viking voyages via IoT data.",EdTech
407, AI-Powered Balladeer,"Compose narrative songs via ML.",Creative AI
408, Smart Mythography Developer,"Catalog pantheons via blockchain.",Web3
409, Quantum Epic Analyst,"Deconstruct hero journeys via QC.",Creative AI
410, Digital Twin Allegory,"Model Plato's Cave in VR.",EdTech
411, AI-Powered Hagiographer,"Generate saint biographies.",Creative AI
412, Smart Hymn Developer,"Create adaptive worship music via AI.",Creative Tech
413, Quantum Parable Developer,"Encode wisdom in quantum states.",Quantum Computing
414, Digital Twin Koan,"Simulate Zen riddles via NLP.",EdTech
415, AI-Powered Mythologist,"Analyze Campbell's monomyth theory.",Creative AI
416, Smart Scripture Developer,"Compare religious texts via ML.",EdTech
417, Quantum Fable Developer,"Model animal tales via QC.",Creative AI
418, Digital Twin Proverb,"Visualize ancient wisdom in AR.",EdTech
419, AI-Powered Apologue Writer,"Create moral machine stories.",Creative AI
420, Smart Allegory Developer,"Animate political metaphors via VR.",EdTech
421, Quantum Legendarium Analyst,"Study fantasy worldbuilding via QC.",Creative AI
422, Digital Twin Folktale,"Recreate Anansi stories in 3D.",EdTech
423, AI-Powered Bestiary Writer,"Generate mythical creature lore.",Creative AI
424, Smart Parable Developer,"Adapt biblical stories for VR.",EdTech
425, Quantum Myth Analyst,"Deconstruct archetypes via QC.",Creative AI
426, Digital Twin Fable,"Simulate Aesop's interactions.",EdTech
427, AI-Powered Hymnist,"Generate devotional song lyrics.",Creative AI
428, Smart Koan Developer,"Create Zen AR meditation experiences.",EdTech
429, Quantum Allegory Analyst,"Interpret Plato via QC.",Creative AI
430, Digital Twin Epic,"Visualize Beowulf in motion capture.",EdTech
431, AI-Powered Saga Writer,"Generate generational narratives.",Creative AI
432, Smart Mythos Developer,"Map Lovecraftian horrors via GIS.",Creative Tech
433, Quantum Parabolist,"Encode truth claims in qubits.",Quantum Computing
434, Digital Twin Legend,"Recreate King Arthur in NLP sims.",EdTech
435, AI-Powered Folktaler,"Generate cultural heritage stories.",Creative AI
436, Smart Epic Developer,"Animate Mahabharata battle scenes.",EdTech
437, Quantum Mythographer,"Analyze pantheon structures via QC.",Creative AI
438, Digital Twin Fable,"Model Orwellian animal farm sims.",EdTech
439, AI-Powered Ballad Writer,"Compose murder folk songs.",Creative AI
440, Smart Allegory Developer,"Visualize Kafkaesque scenarios.",EdTech
441, Quantum Folktale Analyst,"Study Baba Yaga tales via QC.",Creative AI
442, Digital Twin Parable,"Simulate Good Samaritan scenarios.",EdTech
443, AI-Powered Mythmaker,"Generate new Olympian gods.",Creative AI
444, Smart Legend Developer,"Preserve Navajo creation stories via NFT.",Web3
445, Quantum Fable Analyst,"Model tortoise/hare dynamics via QC.",Creative AI
446, Digital Twin Epic,"Recreate Odyssey sea routes via GIS.",EdTech
447, AI-Powered Allegorist,"Generate climate change metaphors.",Creative AI
448, Smart Koan Developer,"Program Zen chatbot paradoxes.",EdTech
449, Quantum Myth Analyst,"Deconstruct hero's journey via QC.",Creative AI
450, Digital Twin Saga,"Animate Norse Ragnar√∂k in VR.",EdTech
451, AI-Powered Parable Writer,"Create modern-day prodigal son tales.",Creative AI
452, Smart Fable Developer,"Adapt Jungle Book for AR zoos.",EdTech
453, Quantum Legend Analyst,"Study Excalibur myths via QC.",Creative AI
454, Digital Twin Myth,"Simulate Icarus flight physics.",EdTech
455, AI-Powered Epicist,"Generate space opera narratives.",Creative AI
456, Smart Allegory Developer,"Visualize 1984 dystopia in VR.",EdTech
457, Quantum Folktale Analyst,"Map Anansi trickster patterns via QC.",Creative AI
458, Digital Twin Parable,"Model Good Samaritan economics.",EdTech
459, AI-Powered Mythographer,"Generate Aztec creation myths.",Creative AI
460, Smart Saga Developer,"Preserve Icelandic eddas via blockchain.",Web3
461, Quantum Fable Analyst,"Study fox/grapes rationalizations via QC.",Creative AI
462, Digital Twin Legend,"Recreate El Dorado via LiDAR.",EdTech
463, AI-Powered Allegorist,"Generate AI ethics cautionary tales.",Creative AI
464, Smart Parable Developer,"Simulate sower/seeds agritech scenarios.",EdTech
465, Quantum Myth Analyst,"Deconstruct Pandora's box via QC.",Creative AI
466, Digital Twin Epic,"Visualize Ramayana in 3D.",EdTech
467, AI-Powered Folktaler,"Generate Br'er Rabbit stories.",Creative AI
468, Smart Koan Developer,"Create ML-generated Zen puzzles.",EdTech
469, Quantum Legend Analyst,"Study Roland's horn via QC.",Creative AI
470, Digital Twin Fable,"Model ant/grasshopper econ sims.",EdTech
471, AI-Powered Parabolist,"Generate modern prodigal daughter tales.",Creative AI
472, Smart Myth Developer,"Preserve Polynesian Maui legends via VR.",EdTech
473, Quantum Saga Analyst,"Study Beowulf's aging via QC.",Creative AI
474, Digital Twin Allegory,"Simulate Plato's Republic in AR.",EdTech
475, AI-Powered Hagiographer,"Generate digital saint backstories.",Creative AI
476, Smart Fable Developer,"Animate Three Little Pigs engineering.",EdTech
477, Quantum Parable Analyst,"Interpret mustard seed faith via QC.",Creative AI
478, Digital Twin Legend,"Recreate Yamato Takeru via NLP.",EdTech
479, AI-Powered Mythmaker,"Generate AI deity pantheons.",Creative AI
480, Smart Epic Developer,"Visualize Sundiata Epic in 3D.",EdTech
481, Quantum Folktale Analyst,"Study Baba Yaga's hut via QC.",Creative AI
482, Digital Twin Parable,"Model workers in vineyard econ sims.",EdTech
483, AI-Powered Allegorist,"Generate ocean plastic parables.",Creative AI
484, Smart Legend Developer,"Preserve King Arthur via blockchain.",Web3
485, Quantum Fable Analyst,"Model scorpion/frog trust via QC.",Creative AI
486, Digital Twin Epic,"Recreate Shahnameh battles via ML.",EdTech
487, AI-Powered Mythographer,"Generate Hindu avatar stories.",Creative AI
488, Smart Koan Developer,"Create AI-generated Mu responses.",EdTech
489, Quantum Legend Analyst,"Study Quetzalcoatl via QC.",Creative AI
490, Digital Twin Parable,"Simulate talents investment scenarios.",EdTech
491, AI-Powered Folktaler,"Generate Paul Bunyan tall tales.",Creative AI
492, Smart Allegory Developer,"Visualize Animal Farm in AR.",EdTech
493, Quantum Myth Analyst,"Deconstruct Loki archetype via QC.",Creative AI
494, Digital Twin Fable,"Model town mouse/country mouse econ.",EdTech
495, AI-Powered Epicist,"Generate climate migration sagas.",Creative AI
496, Smart Parable Developer,"Adapt pearl of great price for NFTs.",Web3
497, Quantum Legend Analyst,"Study El Cid loyalty via QC.",Creative AI
498, Digital Twin Allegory,"Simulate cave shadows in VR.",EdTech
499, AI-Powered Mythmaker,"Generate AI rights creation myths.",Creative AI
500, Smart Saga Developer,"Preserve Epic of Gilgamesh via AR.",EdTech
501,Quantum Time Traveler,"Explore temporal paradoxes with QC.",Quantum Computing
502,Smart Coral Developer,"Monitor reef health with IoT sensors.",Conservation Tech
503,AI-Powered Matchmaker,"Optimize dating algorithms with ML.",Social Tech
504,Digital Twin Brain,"Model neural networks for AI training.",Neurotech
505,Robot Therapist Developer,"Create emotional support bots.",HealthTech
506,Smart Asteroid Developer,"Monitor space rocks with IoT sensors.",Aerospace Tech
507,AI-Powered Historian,"Analyze past events with ML.",EdTech
508,Digital Twin Universe,"Simulate cosmic structures with HPC.",Astro Tech
509,Quantum Musician,"Compose scores using quantum algorithms.",Creative AI
510,Smart Biome Developer,"Monitor ecosystems with IoT sensors.",Conservation Tech
511,AI-Powered Sculptor,"Generate 3D art using neural networks.",Creative AI
512,Digital Twin City,"Model urban environments with AI.",Smart Cities
513,Robot Personal Trainer,"Create fitness bots with AI coaching.",HealthTech
514,Smart Volcano Developer,"Monitor eruptions with IoT sensors.",Geospatial Tech
515,AI-Powered Historian,"Analyze historical data with ML.",EdTech
516,Digital Twin Mind,"Simulate cognitive processes with AI.",Neurotech
517,Quantum Game Designer,"Create interactive experiences with quantum algorithms.",Game Development